fname,param_name,param_value
gl_vrblcvrg,dt_pmdb,dt_pmdb
gd_pmdb_splong,dt_pmdb,dt_pmdb
gd_vrblcvrg,dt_pmdb_splong,dt_pmdb_splong
gd_vrblcvrg,all_statuses,T
gc_pmdb_vrblgrps,dt_pmdb,dt_pmdb
gd_vrblcvrg,dt_pmdb_splong,dt_pmdb_splong
gd_vrblcvrg,all_statuses,F
gc_pmdb_vrblgrps,dt_pmdb,dt_pmdb
gd_pmx,dt_pmdb,dt_pmdb
gl_pca_dimred_closed_imputed,dt_pmdb,dt_pmdb
gl_pca_dimred_closed_imputed,dt_pmx,dt_pmx
gd_pmtiv,dt_pmx,dt_pmx
gd_pmtiv,l_pca_dimred_woclosed,l_pca_dimred_woclosed
gd_pmyear_prep,dt_pmx,dt_pmx
gd_pmyear_prep,dt_pmtiv,dt_pmtiv
gd_pmyear_prep,c_lvrs,c_lvrs
gd_af_size,dt_pmx,dt_pmx
gd_pmyear,dt_pmyear_prep,dt_pmyear_prep
gd_pmyear,c_lvrs,c_lvrs
gd_pmcpct,dt_pmyear,dt_pmyear
gl_mdls,dt_pmyear,dt_pmyear
gl_mdls,dt_pmcpct,dt_pmcpct
gp_vrblcvrg_ugrpd,dt_vrblcvrg,l_vrblcvrg$dt_vrblcvrg_all
gp_vrblcvrg_ugrpd,yeet_acts,FALSE
gp_vrblcvrg,dt_vrblcvrg_grpd,l_vrblcvrg$dt_vrblcvrg_all
gp_vrblcvrg,yeet_acts,FALSE
gp_vrblcvrg_ratio,dt_vrblcvrg,l_vrblcvrg$dt_vrblcvrg_fcs
gd_vrblcvrg,dt_pmdb_splong,dt_pmdb_dimred_splong
gd_vrblcvrg,all_statuses,F
gc_pmdb_vrblgrps,dt_pmdb,dt_pmdb
gp_vrblcvrg_ratio,dt_vrblcvrg,dt_vrblcvrg_pca
gp_scree,scree_vlus,l_pca_dimred$eigenvalues
gd_dimred_loads,loadmat,l_pca_dimred$rotatedLoadings
gp_dimred_loads,dt_dimred_loads,dt_dimred_loads
gp_surv,dt_pmcpct,dt_pmcpct
gp_hazard,dt_pmcpct,dt_pmcpct
gp_hazard,cutwidth,2
gp_hazard,bw.smooth,5
gp_hazard_time,dt_pmyear,dt_pmyear
gp_agedens,dt_pmcpct,dt_pmcpct
gp_yeardens,dt_pmyear,dt_pmyear
gd_inflcases,rx,rx
gp_pred_popprxcnt,l_mdlnames,l_mdlnames_coxph
gp_pred_popprxcnt,l_mdls,l_mdls
gp_pred_popprxcnt,dt_pmyear,dt_pmyear
gp_pred_proxcntpop,l_mdlnames,l_mdlnames_coxph
gp_pred_proxcntpop,l_mdls,l_mdls
gp_pred_proxcntpop,dt_pmyear,dt_pmyear
gp_condmef,mdlname,r_pop4
gp_condmef,l_mdls,l_mdls
gp_condmef,dt_pmyear,dt_pmyear
gp_pred_heatmap,mdlname,r_pop4
gp_pred_heatmap,l_mdls,l_mdls
gp_pred_heatmap,dt_pmyear,dt_pmyear
gp_pred_heatmap,vx,proxcnt10
gp_pred_heatmap,vy,popm_circle10
gp_pred_heatmap,add_cross,TRUE
gp_heatmap_info,dt_pmyear,dt_pmyear
gp_pred_heatmap_wocryside,mdlname,r_wocryside
gp_pred_heatmap_wocryside,l_mdls,l_mdls
gp_pred_heatmap_wocryside,dt_pmyear,dt_pmyear
gp_pred_heatmap_wocryside,vx,proxcnt10
gp_pred_heatmap_wocryside,vy,popm_circle10
gp_pred_heatmap_wocryside,add_cross,TRUE
gp_pred_heatmap_onlycryside,mdlname,r_onlycryside
gp_pred_heatmap_onlycryside,l_mdls,l_mdls
gp_pred_heatmap_onlycryside,dt_pmyear,dt_pmyear
gp_pred_heatmap_onlycryside,vx,proxcnt10
gp_pred_heatmap_onlycryside,vy,popm_circle10
gp_pred_heatmap_onlycryside,add_cross,FALSE
gp_pred_heatmap_alt,l_mdls,l_mdls
gp_pred_heatmap_alt,dt_pmyear,dt_pmyear
gp_pred_heatmap,mdlname,r_comp1
gp_pred_heatmap,l_mdls,l_mdls
gp_pred_heatmap,dt_pmyear,dt_pmyear
gp_pred_heatmap,vx,proxcnt10
gp_pred_heatmap,vy,popm_circle10_log
gp_pred_heatmap,add_cross,T
gp_pred_heatmap,mdlname,r_pop42
gp_pred_heatmap,l_mdls,l_mdls
gp_pred_heatmap,dt_pmyear,dt_pmyear
gp_pred_heatmap,vx,proxcnt10
gp_pred_heatmap,vy,popm_circle10
gp_pred_heatmap,add_cross,T
gp_pred_heatmap,mdlname,r_pmdens2
gp_pred_heatmap,l_mdls,l_mdls
gp_pred_heatmap,dt_pmyear,dt_pmyear
gp_pred_heatmap,vx,proxcnt10
gp_pred_heatmap,vy,popm_circle10
gp_pred_heatmap,add_cross,F
gp_pred_heatmap,mdlname,r_audience_log1
gp_pred_heatmap,l_mdls,l_mdls
gp_pred_heatmap,dt_pmyear,dt_pmyear
gp_pred_heatmap,vx,proxcnt10
gp_pred_heatmap,vy,popm_circle10
gp_pred_heatmap,add_cross,F
gp_lngtdvelp,dt_pmyear,dt_pmyear
gt_coxzph,rx,l_mdls$r_pop4
gt_sumstats,dt_pmyear,dt_pmyear
gt_sumstats,dt_pmcpct,dt_pmcpct
gt_selfid,dt_pmx,dt_pmx
gt_selfid,dt_pmyear,dt_pmyear
gt_reg_coxph_deathcfg,l_mdls,l_mdls
gt_drop1,dt_drop1,dt_drop1
gt_reg_coxph,l_mdls,l_mdls
gt_reg_coxph,l_mdlnames,l_mdlnames_coxph
gt_reg_coxph_density,l_mdls,l_mdls
gt_reg_coxph_density,l_mdlnames,l_mdlnames_coxph_density
gt_reg_coxph_timeslice,l_mdls,l_mdls
gt_reg_coxph_timeslice,l_mdlnames,l_mdlnames_timeslice
gt_reg_coxph_comp,l_mdls,l_mdls
gt_reg_coxph_comp,l_mdlnames,l_mdlnames_comp
gt_reg_coxph_dens,l_mdls,l_mdls
gt_reg_coxph_dens,l_mdlnames,l_mdlnames_dens
gt_reg_coxph_env,l_mdls,l_mdls
gt_reg_coxph_env,l_mdlnames,l_mdlnames_env
gt_reg_coxph_af,l_mdls,l_mdls
gt_reg_coxph_af,l_mdlnames,l_mdlnames_af
gt_reg_coxph_timecfg,l_mdls,l_mdls
gt_reg_coxph_timecfg,l_mdlnames,l_mdlnames_timecfg
gt_reg_coxph_dimred,l_mdls,l_mdls
gt_reg_coxph_dimred,l_mdlnames,l_mdlnames_dimred
gt_reg_coxph,l_mdls,l_mdls
gt_reg_coxph,l_mdlnames,l_mdlnames
gd_inflcases,rx,rx
gt_reg_coxph,l_mdls,l_mdls
gt_reg_coxph,l_mdlnames,l_mdlnames_coxph
gt_reg_coxph,l_mdls,l_mdls
gt_reg_coxph,l_mdlnames,l_mdlnames_coxph
